<?xml version="1.0" encoding="UTF-8"?>
<addon id="plugin.video.vavooto" name="[COLOR red]STUBE.BOX V3[/COLOR]" version="1.1.35b" provider-name="VAVOO.TO">
    <requires>
        <import addon="xbmc.python" version="2.1.0"/>
        

        <import addon="service.vavooto.updater"/>

        <import addon="script.common.plugin.cache"/>
        <import addon="script.video.F4mProxy" version="2.7.1"/>

        <import addon="script.module.urlresolver"/>
        <import addon="plugin.program.autocompletion.vavooto"/>
        <import addon="script.module.autocompletion.vavooto"/>

        <import addon="script.module.requests" version="2.11.1"/>

        <import addon="script.extendedinfo" version="5.6.0"/>

     
        <import addon="service.vavoo" version=""/>
    </requires>
    <extension point="xbmc.python.pluginsource" library="lib/video.py">
        <provides>video</provides>
    </extension>
    <extension point="xbmc.python.script" library="lib/script.py">
        <provides>executable</provides>
    </extension>
    <extension point="xbmc.service" library="lib/service.py" start="login">
        <provides>service</provides>
    </extension>
    <extension point="xbmc.python.module" library="lib" />
    <extension point="xbmc.addon.metadata">
        <platform>all</platform>
        <language>de</language>
        <summary lang="de">VAVOO.TO Skin Tools</summary>
        <description lang="de">VAVOO.TO Skin Tools</description>
        <website></website>
    </extension>
</addon>
