<?xml version="1.0" encoding="UTF-8" standalone="yes"?>
<addon id="script.module.aliundeappinstaller" name="[COLOR aqua]Aliunde App Installer[/COLOR]" version="0.0.2" provider-name="Aliunde">
  <requires>
    <import addon="xbmc.python" version="2.1.0"/>
  </requires>
  <extension point="xbmc.python.pluginsource" library="default.py">
    <provides>executable</provides>
  </extension>
  <extension point="xbmc.service" library="startup.py" start="startup" />
  <extension point="xbmc.addon.metadata">
    <summary lang="en">App installer - Kodi 18 Compatible</summary>
    <description lang="en">App installer for Android and Fire devices
</description>
    <platform>all</platform>
  </extension>
</addon>