<?xml version="1.0" encoding="UTF-8" standalone="yes"?>
<addon id="plugin.video.ezrepoinstaller" name="[COLOR aqua]Easy Repo Installer K19[/COLOR]" version="0.0.3" provider-name="Aliunde">
  <requires>
    <import addon="xbmc.python" version="3.0.0" />
    <import addon="script.module.requests" />
    <import addon="script.module.routing" version="0.2.0" />
	<import addon="script.module.beautifulsoup4" />
  </requires>
  <extension point="xbmc.python.pluginsource" library="default.py">
    <provides>executable</provides>
  </extension>
  <extension point="xbmc.addon.metadata">
    <summary lang="en_GB">Easy Install 3rd Party Kodi Repos.</summary>
    <description lang="en_GB">Install 3rd Party Kodi Repos.[CR]Thank you to the Original Dev Who Created The Code.[CR]If your a dev and would like your repo added/removed, contact us and we will take action immediately.[CR]Contact aliunde2000@gmail.com</description>
    <platform>all</platform>
    <language>en</language>
    <license>GPL-2.0-or-later</license>
    <assets>
    <icon>icon.png</icon>
    <fanart>fanart.jpg</fanart>
  </assets>
  </extension>
</addon>
